Date,wind_speed
2003-01-01,0.7
2003-01-02,0.9
2003-01-03,0.7
2003-01-04,0.9
2003-01-05,2.2
2003-01-06,0.7
2003-01-07,0.4
2003-01-08,0.9
2003-01-09,1.8
2003-01-10,5.1
2003-01-11,1.8
2003-01-12,8.7
2003-01-13,5.6
2003-01-14,1.3
2003-01-15,2.0
2003-01-16,1.1
2003-01-17,0.7
2003-01-18,0.9
2003-01-19,1.1
2003-01-20,4.5
2003-01-21,6.0
2003-01-22,6.9
2003-01-23,0.4
2003-01-24,1.1
2003-01-25,1.1
2003-01-26,0.7
2003-01-27,1.8
2003-01-28,1.3
2003-01-29,1.6
2003-01-30,0.9
2003-01-31,0.7
2003-02-01,7.6
2003-02-02,1.3
2003-02-03,1.6
2003-02-04,2.0
2003-02-05,1.1
2003-02-06,2.7
2003-02-07,2.5
2003-02-08,0.9
2003-02-09,1.1
2003-02-10,1.1
2003-02-11,1.8
2003-02-12,2.0
2003-02-13,3.8
2003-02-14,3.6
2003-02-15,7.4
2003-02-16,2.5
2003-02-17,2.2
2003-02-18,2.2
2003-02-19,6.9
2003-02-20,5.1
2003-02-21,3.4
2003-02-22,1.8
2003-02-23,2.0
2003-02-24,4.5
2003-02-25,2.5
2003-02-26,1.8
2003-02-27,1.6
2003-02-28,2.2
2003-03-01,2.0
2003-03-02,1.8
2003-03-03,5.1
2003-03-04,2.2
2003-03-05,1.8
2003-03-06,2.7
2003-03-07,4.7
2003-03-08,1.8
2003-03-09,1.1
2003-03-10,1.3
2003-03-11,2.5
2003-03-12,6.0
2003-03-13,11.6
2003-03-14,8.9
2003-03-15,5.1
2003-03-16,5.4
2003-03-17,7.6
2003-03-18,5.6
2003-03-19,3.4
2003-03-20,4.0
2003-03-21,2.7
2003-03-22,4.7
2003-03-23,3.8
2003-03-24,3.8
2003-03-25,1.8
2003-03-26,6.9
2003-03-27,4.7
2003-03-28,1.6
2003-03-29,1.1
2003-03-30,1.3
2003-03-31,4.7
2003-04-01,8.5
2003-04-02,3.8
2003-04-03,3.6
2003-04-04,6.7
2003-04-05,6.3
2003-04-06,2.9
2003-04-07,2.2
2003-04-08,2.7
2003-04-09,1.6
2003-04-10,4.9
2003-04-11,4.7
2003-04-12,8.1
2003-04-13,6.5
2003-04-14,4.5
2003-04-15,4.5
2003-04-16,3.6
2003-04-17,6.7
2003-04-18,6.9
2003-04-19,2.5
2003-04-20,5.1
2003-04-21,4.7
2003-04-22,4.9
2003-04-23,6.9
2003-04-24,3.8
2003-04-25,6.3
2003-04-26,2.0
2003-04-27,6.3
2003-04-28,7.6
2003-04-29,3.4
2003-04-30,2.7
2003-05-01,2.5
2003-05-02,2.5
2003-05-03,5.6
2003-05-04,4.7
2003-05-05,4.0
2003-05-06,2.0
2003-05-07,6.5
2003-05-08,8.3
2003-05-09,5.6
2003-05-10,3.1
2003-05-11,3.1
2003-05-12,2.5
2003-05-13,2.7
2003-05-14,5.8
2003-05-15,7.2
2003-05-16,7.6
2003-05-17,7.6
2003-05-18,4.9
2003-05-19,2.5
2003-05-20,4.7
2003-05-21,2.5
2003-05-22,2.9
2003-05-23,4.5
2003-05-24,6.0
2003-05-25,4.0
2003-05-26,3.6
2003-05-27,3.4
2003-05-28,2.9
2003-05-29,6.7
2003-05-30,6.5
2003-05-31,4.7
2003-06-01,4.5
2003-06-02,2.0
2003-06-03,5.4
2003-06-04,5.1
2003-06-05,7.4
2003-06-06,5.6
2003-06-07,3.1
2003-06-08,5.4
2003-06-09,7.4
2003-06-10,6.3
2003-06-11,4.9
2003-06-12,7.2
2003-06-13,5.8
2003-06-14,5.8
2003-06-15,6.0
2003-06-16,4.9
2003-06-17,8.1
2003-06-18,9.2
2003-06-19,10.5
2003-06-20,7.6
2003-06-21,7.6
2003-06-22,6.9
2003-06-23,7.8
2003-06-24,2.9
2003-06-25,2.2
2003-06-26,2.5
2003-06-27,2.5
2003-06-28,3.4
2003-06-29,4.3
2003-06-30,3.6
2003-07-01,3.6
2003-07-02,2.7
2003-07-03,2.2
2003-07-04,2.9
2003-07-05,4.9
2003-07-06,4.7
2003-07-07,7.2
2003-07-08,5.1
2003-07-09,4.7
2003-07-10,5.4
2003-07-11,4.7
2003-07-12,7.8
2003-07-13,6.7
2003-07-14,3.8
2003-07-15,6.5
2003-07-16,3.8
2003-07-17,2.7
2003-07-18,3.8
2003-07-19,3.8
2003-07-20,2.9
2003-07-21,4.7
2003-07-22,2.7
2003-07-23,4.7
2003-07-24,3.6
2003-07-25,4.7
2003-07-26,4.3
2003-07-27,2.7
2003-07-28,2.9
2003-07-29,3.8
2003-07-30,7.4
2003-07-31,7.6
2003-08-01,4.0
2003-08-02,7.8
2003-08-03,6.0
2003-08-04,3.8
2003-08-05,2.9
2003-08-06,5.6
2003-08-07,3.8
2003-08-08,4.3
2003-08-09,4.9
2003-08-10,6.3
2003-08-11,6.5
2003-08-12,3.8
2003-08-13,2.2
2003-08-14,4.0
2003-08-15,4.5
2003-08-16,2.2
2003-08-17,2.2
2003-08-18,4.3
2003-08-19,5.8
2003-08-20,5.1
2003-08-21,7.8
2003-08-22,3.6
2003-08-23,2.5
2003-08-24,2.7
2003-08-25,2.9
2003-08-26,3.6
2003-08-27,2.0
2003-08-28,4.7
2003-08-29,2.2
2003-08-30,2.9
2003-08-31,3.6
2003-09-01,2.7
2003-09-02,2.5
2003-09-03,5.4
2003-09-04,6.0
2003-09-05,4.7
2003-09-06,3.6
2003-09-07,4.3
2003-09-08,4.7
2003-09-09,2.9
2003-09-10,2.9
2003-09-11,1.3
2003-09-12,2.0
2003-09-13,1.8
2003-09-14,2.7
2003-09-15,3.1
2003-09-16,4.9
2003-09-17,1.8
2003-09-18,1.3
2003-09-19,2.5
2003-09-20,1.3
2003-09-21,2.2
2003-09-22,2.0
2003-09-23,3.1
2003-09-24,4.5
2003-09-25,2.9
2003-09-26,3.4
2003-09-27,1.8
2003-09-28,3.8
2003-09-29,2.0
2003-09-30,2.0
2003-10-01,3.6
2003-10-02,3.1
2003-10-03,3.6
2003-10-04,3.1
2003-10-05,2.2
2003-10-06,4.0
2003-10-07,4.3
2003-10-08,5.4
2003-10-09,9.8
2003-10-10,3.6
2003-10-11,4.5
2003-10-12,2.9
2003-10-13,2.0
2003-10-14,2.2
2003-10-15,3.1
2003-10-16,2.2
2003-10-17,0.4
2003-10-18,2.9
2003-10-19,0.9
2003-10-20,0.4
2003-10-21,2.7
2003-10-22,5.1
2003-10-23,2.0
2003-10-24,0.9
2003-10-25,1.3
2003-10-26,0.7
2003-10-27,0.7
2003-10-28,0.2
2003-10-29,7.6
2003-10-30,4.9
2003-10-31,1.8
2003-11-01,2.0
2003-11-02,2.5
2003-11-03,2.2
2003-11-04,1.8
2003-11-05,2.0
2003-11-06,1.6
2003-11-07,4.9
2003-11-08,6.9
2003-11-09,3.8
2003-11-10,1.1
2003-11-11,0.9
2003-11-12,0.9
2003-11-13,4.9
2003-11-14,6.7
2003-11-15,1.1
2003-11-16,0.4
2003-11-17,2.2
2003-11-18,0.2
2003-11-19,0.9
2003-11-20,5.6
2003-11-21,4.3
2003-11-22,1.6
2003-11-23,0.4
2003-11-24,2.0
2003-11-25,2.0
2003-11-26,2.2
2003-11-27,0.9
2003-11-28,2.7
2003-11-29,1.8
2003-11-30,1.6
2003-12-01,2.9
2003-12-02,3.8
2003-12-03,1.1
2003-12-04,3.4
2003-12-05,6.9
2003-12-06,6.0
2003-12-07,4.7
2003-12-08,0.9
2003-12-09,4.0
2003-12-10,3.4
2003-12-11,4.5
2003-12-12,5.1
2003-12-13,7.2
2003-12-14,4.0
2003-12-15,0.2
2003-12-16,1.1
2003-12-17,0.7
2003-12-18,1.6
2003-12-19,3.1
2003-12-20,0.4
2003-12-21,1.1
2003-12-22,2.9
2003-12-23,8.7
2003-12-24,4.9
2003-12-25,4.7
2003-12-26,0.4
2003-12-27,0.0
2003-12-28,3.4
2003-12-29,5.1
2003-12-30,1.3
2003-12-31,4.0
2006-01-01,8.5
2006-01-02,1.6
2006-01-03,6.5
2006-01-04,2.0
2006-01-05,0.2
2006-01-06,0.0
2006-01-07,0.7
2006-01-08,1.6
2006-01-09,0.0
2006-01-10,2.7
2006-01-11,4.5
2006-01-12,0.2
2006-01-13,4.3
2006-01-14,5.8
2006-01-15,1.1
2006-01-16,0.0
2006-01-17,4.9
2006-01-18,2.7
2006-01-19,0.9
2006-01-20,1.1
2006-01-21,1.1
2006-01-22,0.9
2006-01-23,2.2
2006-01-24,1.1
2006-01-25,2.2
2006-01-26,2.0
2006-01-27,1.3
2006-01-28,4.7
2006-01-29,0.4
2006-01-30,6.9
2006-01-31,0.4
2006-02-01,5.1
2006-02-02,1.1
2006-02-03,3.6
2006-02-04,5.6
2006-02-05,1.1
2006-02-06,0.0
2006-02-07,0.7
2006-02-08,0.2
2006-02-09,0.9
2006-02-10,0.7
2006-02-11,2.0
2006-02-12,0.9
2006-02-13,1.6
2006-02-14,8.7
2006-02-15,3.8
2006-02-16,2.2
2006-02-17,1.8
2006-02-18,2.5
2006-02-19,1.8
2006-02-20,1.8
2006-02-21,1.1
2006-02-22,0.7
2006-02-23,1.1
2006-02-24,1.1
2006-02-25,4.3
2006-02-26,9.4
2006-02-27,8.9
2006-02-28,5.1
2006-03-01,6.5
2006-03-02,4.9
2006-03-03,2.2
2006-03-04,7.2
2006-03-05,10.1
2006-03-06,2.0
2006-03-07,5.8
2006-03-08,2.2
2006-03-09,5.8
2006-03-10,2.2
2006-03-11,3.6
2006-03-12,4.0
2006-03-13,6.5
2006-03-14,2.5
2006-03-15,4.5
2006-03-16,6.7
2006-03-17,4.9
2006-03-18,5.1
2006-03-19,2.7
2006-03-20,4.3
2006-03-21,2.0
2006-03-22,3.4
2006-03-23,5.8
2006-03-24,6.0
2006-03-25,6.0
2006-03-26,2.0
2006-03-27,7.4
2006-03-28,6.0
2006-03-29,3.8
2006-03-30,4.7
2006-03-31,5.1
2006-04-01,4.3
2006-04-02,6.0
2006-04-03,4.5
2006-04-04,2.0
2006-04-05,3.8
2006-04-06,3.1
2006-04-07,7.6
2006-04-08,5.4
2006-04-09,3.6
2006-04-10,4.7
2006-04-11,6.7
2006-04-12,3.1
2006-04-13,1.8
2006-04-14,5.6
2006-04-15,5.1
2006-04-16,3.6
2006-04-17,3.6
2006-04-18,2.0
2006-04-19,2.2
2006-04-20,3.4
2006-04-21,4.3
2006-04-22,3.6
2006-04-23,3.8
2006-04-24,3.1
2006-04-25,2.7
2006-04-26,4.3
2006-04-27,2.2
2006-04-28,3.1
2006-04-29,4.5
2006-04-30,3.1
2006-05-01,3.6
2006-05-02,2.5
2006-05-03,5.8
2006-05-04,5.6
2006-05-05,4.7
2006-05-06,4.9
2006-05-07,4.7
2006-05-08,4.9
2006-05-09,2.5
2006-05-10,1.3
2006-05-11,3.8
2006-05-12,3.8
2006-05-13,4.3
2006-05-14,2.5
2006-05-15,3.8
2006-05-16,3.8
2006-05-17,2.2
2006-05-18,4.3
2006-05-19,4.5
2006-05-20,5.8
2006-05-21,5.4
2006-05-22,7.4
2006-05-23,9.4
2006-05-24,6.0
2006-05-25,9.6
2006-05-26,10.5
2006-05-27,8.3
2006-05-28,5.8
2006-05-29,4.5
2006-05-30,4.0
2006-05-31,3.8
2006-06-01,2.0
2006-06-02,3.8
2006-06-03,4.9
2006-06-04,5.8
2006-06-05,5.6
2006-06-06,5.1
2006-06-07,5.8
2006-06-08,5.6
2006-06-09,3.8
2006-06-10,3.4
2006-06-11,5.4
2006-06-12,5.1
2006-06-13,5.1
2006-06-14,4.3
2006-06-15,5.8
2006-06-16,5.6
2006-06-17,5.4
2006-06-18,6.9
2006-06-19,5.4
2006-06-20,4.9
2006-06-21,3.4
2006-06-22,2.7
2006-06-23,2.5
2006-06-24,3.4
2006-06-25,4.0
2006-06-26,4.9
2006-06-27,4.9
2006-06-28,2.9
2006-06-29,7.6
2006-06-30,4.9
2006-07-01,4.5
2006-07-02,4.7
2006-07-03,4.0
2006-07-04,5.6
2006-07-05,8.9
2006-07-06,6.9
2006-07-07,3.4
2006-07-08,2.9
2006-07-09,3.1
2006-07-10,3.4
2006-07-11,6.0
2006-07-12,5.1
2006-07-13,3.4
2006-07-14,3.4
2006-07-15,2.5
2006-07-16,2.5
2006-07-17,2.7
2006-07-18,4.5
2006-07-19,2.2
2006-07-20,3.1
2006-07-21,2.2
2006-07-22,4.0
2006-07-23,2.7
2006-07-24,2.9
2006-07-25,3.1
2006-07-26,5.1
2006-07-27,4.7
2006-07-28,6.7
2006-07-29,6.0
2006-07-30,4.5
2006-07-31,7.2
2006-08-01,3.6
2006-08-02,2.7
2006-08-03,3.1
2006-08-04,7.8
2006-08-05,3.8
2006-08-06,2.9
2006-08-07,6.7
2006-08-08,4.5
2006-08-09,2.9
2006-08-10,3.6
2006-08-11,2.5
2006-08-12,2.9
2006-08-13,6.5
2006-08-14,5.8
2006-08-15,4.0
2006-08-16,4.9
2006-08-17,2.0
2006-08-18,2.9
2006-08-19,3.8
2006-08-20,4.5
2006-08-21,2.7
2006-08-22,2.5
2006-08-23,2.9
2006-08-24,4.0
2006-08-25,4.0
2006-08-26,3.8
2006-08-27,3.1
2006-08-28,3.1
2006-08-29,4.7
2006-09-01,3.4
2006-09-02,4.3
2006-09-03,4.0
2006-09-04,2.0
2006-09-05,2.7
2006-09-06,1.8
2006-09-07,2.2
2006-09-08,6.7
2006-09-09,2.5
2006-09-10,2.0
2006-09-11,1.3
2006-09-12,2.0
2006-09-13,2.9
2006-09-14,6.7
2006-09-15,7.6
2006-09-16,2.5
2006-09-17,2.7
2006-09-18,3.8
2006-09-19,4.7
2006-09-20,2.9
2006-09-21,6.7
2006-09-22,5.6
2006-09-23,2.0
2006-09-24,1.3
2006-09-25,2.5
2006-09-26,3.1
2006-09-27,1.8
2006-09-28,1.8
2006-09-29,4.5
2006-09-30,3.6
2006-10-01,2.2
2006-10-02,1.6
2006-10-03,1.8
2006-10-04,3.6
2006-10-05,1.1
2006-10-06,3.1
2006-10-07,1.6
2006-10-08,0.9
2006-10-09,1.6
2006-10-10,3.6
2006-10-13,4.5
2006-10-14,2.2
2006-10-15,3.1
2006-10-16,7.6
2006-10-17,0.9
2006-10-18,0.9
2006-10-19,0.2
2006-10-20,0.7
2006-10-21,0.0
2006-10-22,1.1
2006-10-23,0.9
2006-10-24,0.9
2006-10-25,2.2
2006-10-26,0.4
2006-10-27,0.2
2006-10-28,0.4
2006-10-29,0.7
2006-10-30,1.1
2006-10-31,0.9
2006-11-01,1.8
2006-11-02,2.2
2006-11-03,0.7
2006-11-04,1.1
2006-11-05,1.1
2006-11-06,1.8
2006-11-07,2.7
2006-11-08,6.7
2006-11-09,2.0
2006-11-10,0.2
2006-11-11,5.4
2006-11-12,1.8
2006-11-13,4.9
2006-11-14,1.6
2006-11-15,1.1
2006-11-16,0.7
2006-11-17,1.6
2006-11-18,0.4
2006-11-19,0.7
2006-11-20,0.0
2006-11-21,1.8
2006-11-22,2.7
2006-11-23,2.9
2006-11-24,1.8
2006-11-25,1.8
2006-11-26,2.0
2006-11-27,3.6
2006-11-28,2.7
2006-11-29,0.4
2006-11-30,0.4
2006-12-01,0.4
2006-12-02,0.4
2006-12-03,0.4
2006-12-04,0.0
2006-12-05,0.4
2006-12-06,0.0
2006-12-07,0.2
2006-12-08,6.0
2006-12-09,6.5
2006-12-10,1.8
2006-12-11,5.4
2006-12-12,3.8
2006-12-13,3.6
2006-12-14,3.1
2006-12-15,6.7
2006-12-16,1.8
2006-12-17,0.4
2006-12-18,0.9
2006-12-19,0.4
2006-12-20,0.0
2006-12-21,3.4
2006-12-22,0.4
2006-12-23,1.1
2006-12-24,0.4
2006-12-25,2.5
2006-12-26,9.4
2006-12-27,12.3
2006-12-28,1.1
2006-12-29,0.4
2006-12-30,0.7
2006-12-31,0.2
2007-01-01,0.7
2007-01-02,0.4
2007-01-03,3.1
2007-01-04,5.8
2007-01-05,2.7
2007-01-06,2.0
2007-01-07,1.1
2007-01-08,0.0
2007-01-09,0.7
2007-01-10,6.9
2007-01-11,2.9
2007-01-12,3.8
2007-01-13,0.2
2007-01-14,0.4
2007-01-15,0.2
2007-01-16,2.9
2007-01-17,0.9
2007-01-18,0.9
2007-01-19,2.2
2007-01-20,4.0
2007-01-21,0.4
2007-01-22,0.2
2007-01-23,0.4
2007-01-24,0.9
2007-01-25,0.2
2007-01-26,0.2
2007-01-27,0.7
2007-01-28,1.8
2007-01-29,1.1
2007-01-30,1.8
2007-01-31,2.2
2007-02-01,1.6
2007-02-02,1.6
2007-02-03,0.4
2007-02-04,0.0
2007-02-05,1.8
2007-02-06,2.5
2007-02-07,6.5
2007-02-08,4.7
2007-02-09,5.1
2007-02-10,7.4
2007-02-11,2.7
2007-02-12,1.3
2007-02-13,2.0
2007-02-14,3.1
2007-02-15,4.0
2007-02-16,0.4
2007-02-17,2.0
2007-02-18,7.2
2007-02-19,5.4
2007-02-20,3.8
2007-02-21,10.3
2007-02-22,3.4
2007-02-23,1.8
2007-02-24,5.4
2007-02-25,4.9
2007-02-26,4.5
2007-02-27,2.9
2007-02-28,1.8
2007-03-01,0.9
2007-03-02,3.8
2007-03-03,1.6
2007-03-04,1.3
2007-03-05,1.1
2007-03-06,2.0
2007-03-07,2.0
2007-03-08,1.6
2007-03-09,1.8
2007-03-10,2.0
2007-03-11,2.7
2007-03-12,2.0
2007-03-13,1.8
2007-03-14,3.8
2007-03-15,0.9
2007-03-16,1.8
2007-03-17,4.0
2007-03-18,4.0
2007-03-19,3.4
2007-03-20,7.2
2007-03-21,3.6
2007-03-22,2.0
2007-03-23,1.3
2007-03-24,4.5
2007-03-25,3.4
2007-03-26,6.0
2007-03-27,11.2
2007-03-28,2.2
2007-03-29,1.1
2007-03-30,2.9
2007-03-31,3.8
2007-04-01,4.5
2007-04-02,3.1
2007-04-03,2.2
2007-04-04,0.9
2007-04-05,2.2
2007-04-06,4.3
2007-04-07,5.6
2007-04-08,4.3
2007-04-09,6.7
2007-04-10,3.6
2007-04-11,7.4
2007-04-12,6.9
2007-04-13,2.7
2007-04-14,8.5
2007-04-15,5.6
2007-04-16,5.4
2007-04-17,11.9
2007-04-18,7.2
2007-04-19,4.0
2007-04-20,3.6
2007-04-21,6.0
2007-04-22,4.0
2007-04-23,2.9
2007-04-24,4.7
2007-04-25,7.6
2007-04-26,3.8
2007-04-27,2.0
2007-04-28,1.8
2007-04-29,2.2
2007-04-30,5.6
2007-05-01,1.8
2007-05-02,4.7
2007-05-03,2.2
2007-05-04,6.5
2007-05-05,3.8
2007-05-06,2.7
2007-05-07,1.6
2007-05-08,2.2
2007-05-09,2.9
2007-05-10,3.6
2007-05-11,3.8
2007-05-12,6.9
2007-05-13,3.6
2007-05-14,2.0
2007-05-15,3.8
2007-05-16,6.0
2007-05-17,6.7
2007-05-18,6.0
2007-05-19,6.3
2007-05-20,9.6
2007-05-21,4.7
2007-05-22,4.0
2007-05-23,2.2
2007-05-24,2.9
2007-05-25,3.1
2007-05-26,2.5
2007-05-27,4.3
2007-05-28,3.6
2007-05-29,6.7
2007-05-30,4.9
2007-05-31,3.6
2007-06-01,4.7
2007-06-02,3.6
2007-06-03,3.4
2007-06-04,4.3
2007-06-05,12.5
2007-06-06,7.8
2007-06-07,4.3
2007-06-08,3.4
2007-06-09,4.5
2007-06-10,8.9
2007-06-11,6.5
2007-06-12,4.9
2007-06-13,4.0
2007-06-14,3.4
2007-06-15,3.6
2007-06-16,5.1
2007-06-17,2.9
2007-06-18,2.7
2007-06-19,8.9
2007-06-20,4.3
2007-06-21,5.8
2007-06-22,5.6
2007-06-23,7.4
2007-06-24,8.1
2007-06-25,3.1
2007-06-26,4.0
2007-06-27,6.0
2007-06-28,5.1
2007-06-29,4.3
2007-06-30,3.8
2007-07-01,6.0
2007-07-02,5.1
2007-07-03,4.5
2007-07-04,3.1
2007-07-05,3.1
2007-07-06,3.4
2007-07-07,3.6
2007-07-08,3.6
2007-07-09,8.3
2007-07-10,7.2
2007-07-11,8.5
2007-07-12,4.5
2007-07-13,2.2
2007-07-14,4.7
2007-07-15,4.9
2007-07-16,6.5
2007-07-17,2.7
2007-07-18,4.7
2007-07-19,5.1
2007-07-20,4.9
2007-07-21,4.5
2007-07-22,4.7
2007-07-23,6.9
2007-07-24,4.0
2007-07-25,3.6
2007-07-26,2.7
2007-07-27,2.9
2007-07-28,3.6
2007-07-29,4.7
2007-07-30,4.3
2007-07-31,4.5
2007-08-01,4.3
2007-08-02,3.6
2007-08-03,2.5
2007-08-04,2.5
2007-08-05,4.3
2007-08-06,2.9
2007-08-07,3.6
2007-08-08,2.9
2007-08-09,3.8
2007-08-10,3.1
2007-08-11,3.4
2007-08-12,3.4
2007-08-13,2.9
2007-08-14,2.2
2007-08-15,5.4
2007-08-16,7.2
2007-08-17,5.8
2007-08-18,5.8
2007-08-19,3.8
2007-08-20,4.3
2007-08-21,3.1
2007-08-22,3.8
2007-08-23,2.7
2007-08-24,6.0
2007-08-25,5.1
2007-08-26,2.7
2007-08-27,2.5
2007-08-28,2.7
2007-08-29,2.0
2007-08-30,3.1
2007-08-31,2.0
2007-09-01,3.1
2007-09-02,2.7
2007-09-03,6.0
2007-09-04,7.4
2007-09-05,1.6
2007-09-06,3.8
2007-09-07,4.3
2007-09-08,2.2
2007-09-09,3.6
2007-09-10,2.5
2007-09-11,2.2
2007-09-12,4.7
2007-09-13,3.8
2007-09-14,2.2
2007-09-15,2.5
2007-09-16,5.6
2007-09-17,3.4
2007-09-18,3.8
2007-09-19,8.7
2007-09-20,4.7
2007-09-21,1.1
2007-09-22,5.8
2007-09-23,2.0
2007-09-24,1.3
2007-09-25,1.1
2007-09-26,0.9
2007-09-27,2.5
2007-09-28,6.5
2007-09-29,1.6
2007-09-30,3.8
2007-10-01,3.6
2007-10-02,2.5
2007-10-03,6.0
2007-10-04,7.4
2007-10-05,3.8
2007-10-06,1.1
2007-10-07,2.2
2007-10-08,3.1
2007-10-09,6.7
2007-10-10,2.0
2007-10-11,0.7
2007-10-12,3.6
2007-10-13,0.7
2007-10-14,2.7
2007-10-15,3.8
2007-10-16,1.8
2007-10-17,1.3
2007-10-18,2.7
2007-10-19,5.1
2007-10-20,5.1
2007-10-21,1.3
2007-10-22,0.4
2007-10-23,0.2
2007-10-24,0.4
2007-10-25,1.6
2007-10-26,1.1
2007-10-27,1.8
2007-10-28,1.1
2007-10-29,0.9
2007-10-30,1.1
2007-10-31,0.9
2007-11-01,1.3
2007-11-02,0.2
2007-11-03,0.7
2007-11-04,0.2
2007-11-05,0.2
2007-11-06,0.2
2007-11-07,0.2
2007-11-08,3.8
2007-11-09,0.7
2007-11-10,1.3
2007-11-11,2.9
2007-11-12,1.6
2007-11-13,1.1
2007-11-14,0.4
2007-11-15,1.3
2007-11-16,1.3
2007-11-17,0.2
2007-11-18,0.9
2007-11-19,3.1
2007-11-20,1.1
2007-11-21,0.4
2007-11-22,0.2
2007-11-23,0.7
2007-11-24,0.7
2007-11-25,1.1
2007-11-26,0.4
2007-11-27,2.2
2007-11-28,0.9
2007-11-29,3.1
2007-11-30,1.8
2007-12-01,0.9
2007-12-02,11.2
2007-12-03,10.7
2007-12-04,1.1
2007-12-05,2.0
2007-12-06,1.3
2007-12-07,9.2
2007-12-08,3.4
2007-12-09,0.2
2007-12-10,0.7
2007-12-11,0.9
2007-12-13,0.4
2007-12-14,0.4
2007-12-15,0.2
2007-12-16,4.5
2007-12-17,5.6
2007-12-18,5.8
2007-12-19,4.9
2007-12-20,5.1
2007-12-21,0.9
2007-12-22,0.2
2007-12-23,0.0
2007-12-24,8.9
2007-12-25,2.2
2007-12-26,6.7
2007-12-27,1.1
2007-12-28,0.9
2007-12-29,0.0
2007-12-30,4.0
2007-12-31,0.7
2010-01-01,5.4
2010-01-02,1.3
2010-01-03,0.0
2010-01-04,0.2
2010-01-05,0.2
2010-01-06,0.0
2010-01-07,0.0
2010-01-08,1.1
2010-01-09,0.7
2010-01-10,0.2
2010-01-11,5.4
2010-01-12,10.3
2010-01-13,1.6
2010-01-14,0.9
2010-01-15,0.4
2010-01-16,3.4
2010-01-17,8.9
2010-01-18,9.6
2010-01-19,9.4
2010-01-20,8.7
2010-01-21,1.8
2010-01-22,3.4
2010-01-23,2.9
2010-01-24,2.5
2010-01-25,5.6
2010-01-26,1.3
2010-01-27,0.0
2010-01-28,0.2
2010-01-29,3.6
2010-01-30,0.9
2010-01-31,1.3
2010-02-01,1.1
2010-02-02,3.1
2010-02-03,0.9
2010-02-04,7.8
2010-02-05,5.8
2010-02-06,4.7
2010-02-07,2.7
2010-02-08,1.6
2010-02-09,1.3
2010-02-10,0.9
2010-02-11,5.4
2010-02-12,4.0
2010-02-13,2.2
2010-02-14,1.1
2010-02-15,2.2
2010-02-16,1.1
2010-02-17,0.4
2010-02-18,1.6
2010-02-19,3.6
2010-02-20,5.4
2010-02-21,2.0
2010-02-22,0.7
2010-02-23,3.1
2010-02-24,1.6
2010-02-25,2.5
2010-02-26,7.6
2010-02-27,2.9
2010-02-28,1.3
2010-03-01,6.5
2010-03-02,4.9
2010-03-03,2.7
2010-03-04,0.9
2010-03-05,2.2
2010-03-06,1.8
2010-03-07,5.4
2010-03-08,6.9
2010-03-09,3.4
2010-03-10,2.9
2010-03-11,4.3
2010-03-12,6.7
2010-03-13,2.7
2010-03-14,1.6
2010-03-15,3.4
2010-03-16,2.7
2010-03-17,1.3
2010-03-18,1.6
2010-03-19,1.3
2010-03-20,2.5
2010-03-21,3.8
2010-03-22,3.1
2010-03-23,1.1
2010-03-24,5.6
2010-03-25,4.5
2010-03-26,1.8
2010-03-27,3.1
2010-03-28,5.4
2010-03-29,6.3
2010-03-30,5.4
2010-03-31,2.2
2010-04-01,2.7
2010-04-02,5.4
2010-04-03,1.8
2010-04-04,4.3
2010-04-05,2.0
2010-04-06,3.1
2010-04-07,3.6
2010-04-08,6.5
2010-04-09,1.1
2010-04-10,6.7
2010-04-11,6.7
2010-04-12,6.0
2010-04-13,3.1
2010-04-14,3.1
2010-04-15,2.5
2010-04-16,2.7
2010-04-17,2.5
2010-04-18,2.0
2010-04-19,6.0
2010-04-20,7.6
2010-04-21,11.9
2010-04-22,2.9
2010-04-23,3.4
2010-04-24,4.0
2010-04-25,2.2
2010-04-26,3.6
2010-04-27,6.7
2010-04-28,4.7
2010-04-29,5.8
2010-04-30,5.1
2010-05-01,8.9
2010-05-02,4.3
2010-05-03,5.1
2010-05-04,5.6
2010-05-05,7.2
2010-05-06,2.7
2010-05-07,4.5
2010-05-08,6.0
2010-05-09,7.2
2010-05-10,6.3
2010-05-11,3.1
2010-05-12,3.8
2010-05-13,2.9
2010-05-14,2.2
2010-05-15,2.2
2010-05-16,3.4
2010-05-17,4.9
2010-05-18,2.9
2010-05-19,3.6
2010-05-20,6.3
2010-05-21,7.2
2010-05-22,5.8
2010-05-23,5.8
2010-05-24,7.6
2010-05-25,4.5
2010-05-26,3.1
2010-05-27,2.2
2010-05-28,3.8
2010-05-29,2.9
2010-05-30,3.8
2010-05-31,5.6
2010-06-01,6.7
2010-06-02,2.5
2010-06-03,2.7
2010-06-04,6.0
2010-06-05,3.1
2010-06-06,4.9
2010-06-07,5.8
2010-06-08,5.8
2010-06-09,7.6
2010-06-10,10.5
2010-06-11,3.6
2010-06-12,2.7
2010-06-13,2.7
2010-06-14,5.8
2010-06-15,6.9
2010-06-16,4.7
2010-06-17,2.5
2010-06-18,7.4
2010-06-19,7.8
2010-06-20,4.7
2010-06-21,2.5
2010-06-22,3.6
2010-06-23,3.4
2010-06-24,4.3
2010-06-25,2.9
2010-06-26,2.7
2010-06-27,2.9
2010-06-28,3.8
2010-06-29,5.8
2010-06-30,7.4
2010-07-01,6.7
2010-07-02,5.6
2010-07-03,2.5
2010-07-04,2.5
2010-07-05,4.9
2010-07-06,8.1
2010-07-07,4.9
2010-07-08,3.8
2010-07-09,3.1
2010-07-10,2.9
2010-07-11,3.6
2010-07-12,6.7
2010-07-13,4.7
2010-07-14,4.5
2010-07-15,2.5
2010-07-16,2.2
2010-07-17,2.7
2010-07-18,3.4
2010-07-19,2.5
2010-07-20,3.6
2010-07-21,4.9
2010-07-22,3.6
2010-07-23,4.3
2010-07-24,2.0
2010-07-25,4.5
2010-07-26,7.4
2010-07-27,6.7
2010-07-28,4.9
2010-07-29,3.1
2010-07-30,2.7
2010-07-31,1.8
2010-08-01,2.2
2010-08-02,2.2
2010-08-03,2.7
2010-08-04,3.4
2010-08-05,4.9
2010-08-06,4.0
2010-08-07,2.9
2010-08-08,4.7
2010-08-09,4.3
2010-08-10,5.4
2010-08-11,4.7
2010-08-12,3.4
2010-08-13,4.5
2010-08-14,5.1
2010-08-15,2.7
2010-08-16,2.9
2010-08-17,4.9
2010-08-18,2.0
2010-08-19,2.2
2010-08-20,4.0
2010-08-21,5.8
2010-08-22,2.9
2010-08-23,1.1
2010-08-24,1.1
2010-08-25,2.2
2010-08-26,4.5
2010-08-27,6.5
2010-08-28,7.4
2010-08-29,3.1
2010-08-30,4.3
2010-08-31,2.5
2010-09-01,1.8
2010-09-02,2.9
2010-09-03,2.5
2010-09-04,2.5
2010-09-05,2.9
2010-09-06,1.6
2010-09-07,6.0
2010-09-08,7.4
2010-09-09,2.2
2010-09-10,1.8
2010-09-11,1.8
2010-09-12,1.8
2010-09-13,4.9
2010-09-14,2.0
2010-09-15,3.6
2010-09-16,2.9
2010-09-17,2.2
2010-09-18,5.1
2010-09-19,3.8
2010-09-20,2.9
2010-09-21,4.7
2010-09-22,3.8
2010-09-23,2.2
2010-09-24,1.6
2010-09-25,1.3
2010-09-26,1.8
2010-09-27,1.1
2010-09-28,0.9
2010-09-29,1.1
2010-09-30,2.0
2010-10-01,1.3
2010-10-02,2.0
2010-10-03,5.1
2010-10-04,7.4
2010-10-05,1.3
2010-10-06,3.8
2010-10-07,1.8
2010-10-08,1.1
2010-10-09,2.2
2010-10-10,4.3
2010-10-11,1.3
2010-10-12,0.0
2010-10-13,0.9
2010-10-14,1.1
2010-10-15,1.1
2010-10-16,1.3
2010-10-17,3.1
2010-10-18,0.4
2010-10-19,0.9
2010-10-20,5.8
2010-10-21,2.7
2010-10-22,2.2
2010-10-23,8.5
2010-10-24,6.3
2010-10-25,2.9
2010-10-26,3.1
2010-10-27,1.6
2010-10-28,1.8
2010-10-29,1.1
2010-10-30,3.4
2010-10-31,3.1
2010-11-01,0.7
2010-11-02,0.4
2010-11-03,0.2
2010-11-04,0.4
2010-11-05,0.9
2010-11-06,3.1
2010-11-07,4.3
2010-11-08,2.9
2010-11-09,0.2
2010-11-10,3.1
2010-11-11,0.7
2010-11-12,1.6
2010-11-13,2.5
2010-11-14,2.5
2010-11-15,2.0
2010-11-16,1.1
2010-11-17,0.4
2010-11-18,0.0
2010-11-19,1.8
2010-11-20,4.3
2010-11-21,3.4
2010-11-22,2.2
2010-11-23,8.3
2010-11-24,2.2
2010-11-25,0.7
2010-11-26,1.8
2010-11-27,3.6
2010-11-28,1.1
2010-11-29,0.2
2010-11-30,1.1
2010-12-01,0.9
2010-12-02,3.1
2010-12-03,2.0
2010-12-04,3.6
2010-12-05,6.0
2010-12-06,4.9
2010-12-07,3.6
2010-12-08,6.3
2010-12-09,2.5
2010-12-10,0.9
2010-12-11,0.7
2010-12-12,0.2
2010-12-13,1.6
2010-12-14,2.9
2010-12-15,1.1
2010-12-16,0.4
2010-12-17,5.1
2010-12-18,4.5
2010-12-19,5.4
2010-12-20,4.7
2010-12-21,7.6
2010-12-22,1.8
2010-12-23,1.6
2010-12-24,4.5
2010-12-25,5.4
2010-12-26,3.1
2010-12-27,1.3
2010-12-28,5.8
2010-12-29,11.0
2010-12-30,2.5
2010-12-31,1.8
